ImageName,Action
084922341.jpg,ballroom
065761289.jpg,ballroom
056830860.jpg,ballroom
009367477.jpg,ballroom
036771580.jpg,ballroom
026520237.jpg,ballroom
024398964.jpg,ballroom
097301055.jpg,ballroom
039309772.jpg,ballroom
063113863.jpg,ballroom
079481130.jpg,ballroom
050263709.jpg,ballroom
050151629.jpg,rock climbing
079829518.jpg,rock climbing
064996393.jpg,rock climbing
046559802.jpg,basketball
054264463.jpg,basketball
028654125.jpg,basketball
059083326.jpg,basketball
019579113.jpg,soccer
028203457.jpg,backpacking
017743954.jpg,backpacking
078961814.jpg,tailoring
009120610.jpg,tailoring
044153050.jpg,tailoring
088770418.jpg,tailoring
035091501.jpg,tailoring
011706702.jpg,tailoring
014299168.jpg,tailoring
076151063.jpg,tailoring
081279957.jpg,playing with animals
094724858.jpg,playing with animals
098600106.jpg,playing with animals
075337819.jpg,playing with animals
037625959.jpg,playing with animals
008350072.jpg,playing with animals
077714692.jpg,playing with animals
055840425.jpg,playing with animals
042422201.jpg,playing with animals
090635439.jpg,playing with animals
011119748.jpg,playing with animals
089114311.jpg,running
099296480.jpg,running
007379656.jpg,running
055385428.jpg,running
096930254.jpg,running
069574869.jpg,running
045454106.jpg,running
097439481.jpg,horseback riding
098621074.jpg,horseback riding
016261694.jpg,horseback riding
091092718.jpg,horseback riding
082253724.jpg,horseback riding
094979991.jpg,horseback riding
072571951.jpg,horseback riding
061341520.jpg,horseback riding
041824304.jpg,horseback riding
093272848.jpg,horseback riding
086606389.jpg,horseback riding
004521867.jpg,horseback riding
002636697.jpg,horseback riding
037646337.jpg,horseback riding
081055333.jpg,horseback riding
006337497.jpg,calisthenics
098996023.jpg,calisthenics
070836298.jpg,ballroom
083701333.jpg,ballroom
069747146.jpg,ballroom
068014077.jpg,ballroom
061861138.jpg,ballroom
075271664.jpg,ballroom
015860511.jpg,ballroom
088087076.jpg,ballroom
087184353.jpg,ballroom
031036196.jpg,rock climbing
045522015.jpg,rock climbing
001162054.jpg,rock climbing
007244689.jpg,rock climbing
039249356.jpg,rock climbing
047993883.jpg,rock climbing
060002055.jpg,rock climbing
029166258.jpg,rock climbing
069498189.jpg,rock climbing
000977085.jpg,basketball
032646131.jpg,basketball
051771164.jpg,basketball
008786650.jpg,basketball
035062693.jpg,basketball
003320311.jpg,basketball
082888337.jpg,backpacking
043088752.jpg,backpacking
016704191.jpg,backpacking
016761922.jpg,backpacking
003667143.jpg,backpacking
073640202.jpg,backpacking
066380453.jpg,backpacking
047463088.jpg,backpacking
084417045.jpg,backpacking
086827128.jpg,backpacking
020584121.jpg,backpacking
026974961.jpg,backpacking
005708686.jpg,backpacking
086791829.jpg,tailoring
045473986.jpg,tailoring
051559603.jpg,tailoring
048884658.jpg,tailoring
066686426.jpg,tailoring
021567515.jpg,playing with animals
065888547.jpg,playing with animals
039386441.jpg,playing with animals
065123298.jpg,playing with animals
010659303.jpg,playing with animals
065784530.jpg,playing with animals
012020906.jpg,running
054448910.jpg,running
039617269.jpg,running
069546721.jpg,running
037325179.jpg,horseback riding
022726963.jpg,horseback riding
007319592.jpg,horseback riding
060344859.jpg,horseback riding
066821280.jpg,horseback riding
061949035.jpg,horseback riding
046349404.jpg,horseback riding
037978578.jpg,horseback riding
086333365.jpg,horseback riding
051908179.jpg,horseback riding
092275719.jpg,resistance training
097587375.jpg,calisthenics
080153711.jpg,calisthenics
051127546.jpg,backpacking
049232548.jpg,backpacking
047633573.jpg,running
049625875.jpg,tailoring
038051771.jpg,tailoring
016303534.jpg,tailoring
078620565.jpg,tailoring
073444393.jpg,tailoring
038435504.jpg,tailoring
002519341.jpg,tailoring
083899733.jpg,tailoring
001141798.jpg,tailoring
070369978.jpg,tailoring
097025711.jpg,tailoring
043766133.jpg,tailoring
023497340.jpg,tailoring
070487101.jpg,tailoring
081712814.jpg,tailoring
054643032.jpg,tailoring
096703528.jpg,tailoring
005166872.jpg,tailoring
050479560.jpg,tailoring
071845395.jpg,tailoring
086264047.jpg,tailoring
017925561.jpg,tailoring
080000348.jpg,tailoring
055270708.jpg,tailoring
039655368.jpg,tailoring
013171503.jpg,tailoring
086529576.jpg,tailoring
015727321.jpg,tailoring
030978786.jpg,tailoring
029004553.jpg,tailoring
087141403.jpg,tailoring
062487410.jpg,tailoring
057174598.jpg,tailoring
083283038.jpg,tailoring
090608706.jpg,tailoring
001215677.jpg,tailoring
067401992.jpg,tailoring
005183580.jpg,tailoring
054885867.jpg,tailoring
028763273.jpg,tailoring
030677660.jpg,tailoring
027785278.jpg,fishing from river bank
027631911.jpg,fishing from river bank
043201893.jpg,fishing from river bank
098036874.jpg,fishing from river bank
006750255.jpg,fishing from river bank
051870099.jpg,fishing from river bank
017936468.jpg,fishing from river bank
097067655.jpg,fishing from river bank
011330350.jpg,fishing from river bank
040360100.jpg,fishing from river bank
073788498.jpg,fishing from river bank
070455443.jpg,fishing from river bank
042272864.jpg,fishing from river bank
034652417.jpg,fishing from river bank
039761238.jpg,fishing from river bank
026427626.jpg,fishing from river bank
020533294.jpg,fishing from river bank
048303970.jpg,fishing from river bank
026853376.jpg,fishing from river bank
028746166.jpg,fishing from river bank
065675606.jpg,fishing from river bank
059904459.jpg,fishing from river bank
062364878.jpg,fishing from river bank
064850482.jpg,fishing from river bank
026740203.jpg,fishing from river bank
001511068.jpg,fishing from river bank
096501537.jpg,fishing from river bank
025089305.jpg,fishing from river bank
067602629.jpg,fishing from river bank
070662987.jpg,fishing from river bank
061000742.jpg,fishing from river bank
031290739.jpg,fishing from river bank
027109625.jpg,fishing from river bank
086609563.jpg,fishing from river bank
094673373.jpg,fishing from river bank
010590580.jpg,fishing from river bank
015482861.jpg,fishing from river bank
094473626.jpg,fishing from river bank
073653523.jpg,fishing from river bank
088299382.jpg,fishing from river bank
020263263.jpg,fishing from river bank
058758587.jpg,fishing from river bank
070113959.jpg,fishing from river bank
068011189.jpg,fishing from river bank
040815169.jpg,fishing from river bank
001539489.jpg,fishing from river bank
058292606.jpg,fishing from river bank
025310154.jpg,fishing from river bank
045025425.jpg,fishing from river bank
095758102.jpg,fishing from river bank
039903532.jpg,fishing from river bank
083980161.jpg,fishing from river bank
018854061.jpg,fishing from river bank
067246050.jpg,fishing from river bank
097700695.jpg,fishing from river bank
010189310.jpg,fishing from river bank
000831994.jpg,fishing from river bank
043358279.jpg,fishing from river bank
009262548.jpg,fishing from river bank
074838435.jpg,fishing from river bank
091454866.jpg,fishing from river bank
043402097.jpg,fishing from river bank
025871164.jpg,fishing from river bank
043440332.jpg,fishing from river bank
072344782.jpg,fishing from river bank
000905416.jpg,fishing from river bank
058945399.jpg,fishing from river bank
061329168.jpg,fishing from river bank
088811819.jpg,soccer
037146726.jpg,horseback riding
019516652.jpg,horseback riding
048939254.jpg,horseback riding
074164145.jpg,horseback riding
049256907.jpg,horseback riding
048318086.jpg,horseback riding
083823042.jpg,horseback riding
036140378.jpg,horseback riding
085979467.jpg,horseback riding
040680480.jpg,horseback riding
032823311.jpg,horseback riding
079592639.jpg,chopping wood
017512314.jpg,chopping wood
067276461.jpg,chopping wood
022050426.jpg,chopping wood
021820753.jpg,chopping wood
087407177.jpg,chopping wood
024966895.jpg,chopping wood
026324735.jpg,chopping wood
000065339.jpg,chopping wood
087066903.jpg,chopping wood
079259481.jpg,chopping wood
062732894.jpg,chopping wood
075026576.jpg,chopping wood
015204857.jpg,chopping wood
045832359.jpg,chopping wood
035121939.jpg,chopping wood
092073965.jpg,chopping wood
004005912.jpg,chopping wood
029146091.jpg,chopping wood
020754094.jpg,chopping wood
023814665.jpg,chopping wood
090843455.jpg,chopping wood
046806905.jpg,chopping wood
046629941.jpg,chopping wood
076057564.jpg,chopping wood
015449220.jpg,chopping wood
048726535.jpg,chopping wood
042998521.jpg,chopping wood
059691069.jpg,chopping wood
099955770.jpg,chopping wood
076944889.jpg,chopping wood
039786570.jpg,chopping wood
082755305.jpg,chopping wood
017070836.jpg,chopping wood
066786791.jpg,frisbee
093320509.jpg,frisbee
026549641.jpg,frisbee
061146361.jpg,frisbee
067849997.jpg,frisbee
031754970.jpg,frisbee
084810924.jpg,frisbee
094716146.jpg,frisbee
088485512.jpg,frisbee
073906698.jpg,frisbee
027746468.jpg,frisbee
028161604.jpg,frisbee
096336032.jpg,frisbee
001028450.jpg,frisbee
071604997.jpg,frisbee
070624616.jpg,frisbee
062268954.jpg,frisbee
099010885.jpg,frisbee
031187944.jpg,frisbee
033997186.jpg,frisbee
007893940.jpg,frisbee
044279814.jpg,frisbee
026104853.jpg,frisbee
034338670.jpg,frisbee
092863056.jpg,frisbee
006180846.jpg,frisbee
009236053.jpg,frisbee
016279099.jpg,frisbee
059521283.jpg,frisbee
015047227.jpg,frisbee
096807638.jpg,frisbee
044671453.jpg,frisbee
050151796.jpg,frisbee
024665862.jpg,frisbee
047096025.jpg,frisbee
056797430.jpg,circuit training
029635761.jpg,circuit training
093831573.jpg,circuit training
081874023.jpg,circuit training
098356721.jpg,circuit training
025967084.jpg,circuit training
096972363.jpg,circuit training
043123387.jpg,circuit training
034751880.jpg,circuit training
005034953.jpg,circuit training
005276526.jpg,circuit training
069201126.jpg,circuit training
045792899.jpg,circuit training
022652163.jpg,circuit training
061397031.jpg,circuit training
025285812.jpg,circuit training
057763175.jpg,circuit training
035920875.jpg,circuit training
082355223.jpg,circuit training
082069616.jpg,circuit training
082362361.jpg,circuit training
038461108.jpg,circuit training
045912402.jpg,circuit training
030328589.jpg,circuit training
093255488.jpg,circuit training
011864377.jpg,circuit training
093374942.jpg,circuit training
068386645.jpg,circuit training
053157215.jpg,circuit training
003265906.jpg,circuit training
047559619.jpg,circuit training
040774811.jpg,circuit training
016121881.jpg,circuit training
065640960.jpg,circuit training
097115091.jpg,circuit training
056218881.jpg,circuit training
071475328.jpg,circuit training
006845045.jpg,circuit training
041766700.jpg,circuit training
011635849.jpg,circuit training
061279584.jpg,circuit training
093848216.jpg,circuit training
066177773.jpg,circuit training
007680305.jpg,circuit training
035466620.jpg,circuit training
055066338.jpg,circuit training
040320776.jpg,circuit training
083364401.jpg,circuit training
081467100.jpg,circuit training
061183102.jpg,circuit training
037345795.jpg,circuit training
025533637.jpg,circuit training
010587432.jpg,circuit training
035489768.jpg,circuit training
041317252.jpg,circuit training
067582293.jpg,circuit training
065815982.jpg,circuit training
007010814.jpg,circuit training
039525932.jpg,circuit training
018177887.jpg,circuit training
032521120.jpg,running
003926941.jpg,running
027199861.jpg,running
000637904.jpg,running
097835479.jpg,running
096574721.jpg,running
039515530.jpg,running
080543004.jpg,rollerblading
094675624.jpg,rollerblading
040021228.jpg,rollerblading
078329798.jpg,rollerblading
026592845.jpg,rollerblading
099033230.jpg,rollerblading
002576960.jpg,rollerblading
068804556.jpg,rollerblading
012038758.jpg,rollerblading
093852978.jpg,rollerblading
018118328.jpg,rollerblading
062275340.jpg,rollerblading
022267608.jpg,rollerblading
075728298.jpg,rollerblading
089796465.jpg,rollerblading
097469060.jpg,rollerblading
013545954.jpg,rollerblading
023147521.jpg,rollerblading
008603216.jpg,rock climbing
005702691.jpg,rock climbing
010548343.jpg,rock climbing
058558768.jpg,rock climbing
054434489.jpg,rock climbing
023374079.jpg,rock climbing
063777414.jpg,rock climbing
082006750.jpg,rock climbing
004157896.jpg,rock climbing
049812994.jpg,rock climbing
068931041.jpg,rock climbing
025231193.jpg,rock climbing
030777091.jpg,rock climbing
061363790.jpg,rock climbing
089793529.jpg,rock climbing
080992442.jpg,rock climbing
058313022.jpg,rock climbing
073022172.jpg,rock climbing
036482247.jpg,rock climbing
064096553.jpg,rock climbing
046618159.jpg,rock climbing
018993614.jpg,rock climbing
070173827.jpg,rock climbing
055646464.jpg,rock climbing
035862158.jpg,rock climbing
091133919.jpg,rock climbing
002093412.jpg,rock climbing
031577315.jpg,rock climbing
005688140.jpg,rock climbing
076652732.jpg,rock climbing
070210745.jpg,rock climbing
033135222.jpg,rock climbing
067566290.jpg,rock climbing
039593723.jpg,rock climbing
075625379.jpg,rock climbing
044257735.jpg,golf
004836271.jpg,golf
082048758.jpg,golf
082634081.jpg,golf
058800046.jpg,golf
035310289.jpg,golf
079978336.jpg,golf
055468702.jpg,golf
018483840.jpg,golf
005958710.jpg,golf
060435932.jpg,golf
076369227.jpg,golf
052340137.jpg,golf
022677263.jpg,golf
066652198.jpg,golf
008010573.jpg,golf
044183370.jpg,golf
016336676.jpg,golf
018445905.jpg,golf
020229395.jpg,golf
038670706.jpg,golf
005115021.jpg,golf
039779344.jpg,golf
051170745.jpg,golf
048329428.jpg,golf
038278410.jpg,golf
083914661.jpg,golf
014532669.jpg,golf
050569674.jpg,golf
006204142.jpg,golf
007115568.jpg,golf
054127011.jpg,golf
064557218.jpg,golf
004558516.jpg,golf
094597089.jpg,golf
084216538.jpg,golf
029661248.jpg,golf
007718753.jpg,golf
016988707.jpg,golf
012694441.jpg,golf
012328378.jpg,golf
051856169.jpg,golf
024584744.jpg,golf
035813972.jpg,golf
098950533.jpg,golf
068431425.jpg,golf
094898067.jpg,golf
014255656.jpg,golf
038213947.jpg,golf
055473180.jpg,golf
099694942.jpg,backpacking
072015746.jpg,backpacking
028722121.jpg,backpacking
087975240.jpg,backpacking
004922091.jpg,backpacking
023108085.jpg,backpacking
089738572.jpg,backpacking
025619151.jpg,backpacking
082399765.jpg,running
020408766.jpg,running
046904075.jpg,running
080093872.jpg,running
018015865.jpg,running
010986311.jpg,running
088368397.jpg,running
034292966.jpg,running
068387012.jpg,running
002534860.jpg,running
069004689.jpg,running
031610131.jpg,running
005574085.jpg,running
060981276.jpg,running
024080382.jpg,running
008975950.jpg,running
091082626.jpg,running
092605956.jpg,running
016169455.jpg,running
096583232.jpg,running
037973740.jpg,running
061719423.jpg,running
096981886.jpg,running
072763114.jpg,running
092260376.jpg,running
048978587.jpg,running
052865660.jpg,running
033444253.jpg,running
080517440.jpg,running
055817118.jpg,running
093286769.jpg,running
001200303.jpg,running
055281488.jpg,running
074066358.jpg,running
048501799.jpg,running
008540303.jpg,running
097246139.jpg,running
051801043.jpg,running
061418624.jpg,running
023660978.jpg,running
048349809.jpg,running
042914949.jpg,running
007489584.jpg,running
010616035.jpg,running
083747252.jpg,running
064734213.jpg,skateboarding
012834993.jpg,skateboarding
065018717.jpg,skateboarding
091181857.jpg,skateboarding
043913066.jpg,skateboarding
081949569.jpg,ballroom
032673889.jpg,ballroom
034961440.jpg,ballroom
059634650.jpg,ballroom
027421289.jpg,ballroom
002660837.jpg,ballroom
073522852.jpg,ballroom
062564991.jpg,ballroom
096273258.jpg,ballroom
062834712.jpg,ballroom
018410132.jpg,ballroom
010565035.jpg,ballroom
081285097.jpg,ballroom
057875648.jpg,ballroom
061828502.jpg,ballroom
078146209.jpg,ballroom
070327723.jpg,ballroom
083445825.jpg,ballroom
005621391.jpg,ballroom
074752064.jpg,ballroom
085085276.jpg,ballroom
028613504.jpg,ballroom
064044727.jpg,ballroom
031416206.jpg,ballroom
095797107.jpg,ballroom
003342357.jpg,ballroom
057979284.jpg,ballroom
016650355.jpg,ballroom
071222021.jpg,ballroom
017589028.jpg,ballroom
023538326.jpg,ballroom
049437081.jpg,ballroom
091483495.jpg,ballroom
021171437.jpg,ballroom
014424002.jpg,ballroom
075897683.jpg,ballroom
065656270.jpg,ballroom
090698552.jpg,ballroom
016874944.jpg,ballroom
096832696.jpg,ballroom
045288336.jpg,ballroom
094571511.jpg,ballroom
067682004.jpg,ballroom
038283339.jpg,ballroom
063063529.jpg,ballroom
043014273.jpg,ballroom
043776505.jpg,ballroom
031037089.jpg,ballroom
076212962.jpg,ballroom
093617656.jpg,ballroom
094075086.jpg,calisthenics
017478128.jpg,calisthenics
087474365.jpg,calisthenics
025283740.jpg,calisthenics
006728461.jpg,calisthenics
026799727.jpg,calisthenics
091220824.jpg,calisthenics
040519714.jpg,circuit training
059604360.jpg,circuit training
010745055.jpg,circuit training
001691280.jpg,circuit training
090956443.jpg,circuit training
026963001.jpg,circuit training
081967700.jpg,circuit training
099935030.jpg,circuit training
021143126.jpg,circuit training
026517074.jpg,circuit training
066285979.jpg,circuit training
096544863.jpg,circuit training
091581435.jpg,circuit training
050287552.jpg,circuit training
079511028.jpg,circuit training
007289845.jpg,circuit training
062683290.jpg,circuit training
025319891.jpg,circuit training
080369345.jpg,circuit training
081782207.jpg,circuit training
097894736.jpg,circuit training
050186953.jpg,circuit training
045495688.jpg,circuit training
075347561.jpg,circuit training
013247066.jpg,circuit training
054691551.jpg,circuit training
054624760.jpg,circuit training
008947312.jpg,circuit training
041798409.jpg,circuit training
085328480.jpg,circuit training
085615362.jpg,circuit training
009923766.jpg,circuit training
009072088.jpg,circuit training
026269548.jpg,circuit training
087476606.jpg,circuit training
012890259.jpg,circuit training
071999680.jpg,circuit training
010116562.jpg,circuit training
062313785.jpg,circuit training
035606730.jpg,circuit training
078891396.jpg,circuit training
033404555.jpg,fishing from river bank
010682099.jpg,fishing from river bank
023884516.jpg,fishing from river bank
037734848.jpg,fishing from river bank
025822681.jpg,fishing from river bank
024346704.jpg,fishing from river bank
045776461.jpg,fishing from river bank
075952015.jpg,fishing from river bank
020598818.jpg,fishing from river bank
070929613.jpg,fishing from river bank
002114982.jpg,fishing from river bank
041893298.jpg,fishing from river bank
077586507.jpg,fishing from river bank
063740248.jpg,calisthenics
080182590.jpg,calisthenics
046637459.jpg,calisthenics
036166608.jpg,calisthenics
010840037.jpg,calisthenics
087593302.jpg,calisthenics
078316003.jpg,calisthenics
016811810.jpg,calisthenics
051226056.jpg,calisthenics
048737481.jpg,calisthenics
062509155.jpg,calisthenics
094618689.jpg,calisthenics
057977144.jpg,calisthenics
054021727.jpg,calisthenics
005032293.jpg,calisthenics
006290748.jpg,calisthenics
018734679.jpg,calisthenics
003247077.jpg,calisthenics
074335290.jpg,calisthenics
072333030.jpg,calisthenics
013605623.jpg,calisthenics
083607890.jpg,calisthenics
015478603.jpg,calisthenics
030117559.jpg,calisthenics
024897690.jpg,calisthenics
037230710.jpg,calisthenics
025466377.jpg,calisthenics
048895093.jpg,calisthenics
040740788.jpg,calisthenics
098656949.jpg,calisthenics
005592635.jpg,calisthenics
014218138.jpg,calisthenics
005282589.jpg,calisthenics
062584119.jpg,calisthenics
005450928.jpg,calisthenics
083643974.jpg,calisthenics
051193863.jpg,calisthenics
052700762.jpg,calisthenics
056159451.jpg,calisthenics
017081371.jpg,calisthenics
019769030.jpg,calisthenics
031881732.jpg,calisthenics
059349642.jpg,calisthenics
021011778.jpg,calisthenics
011633173.jpg,calisthenics
008613577.jpg,calisthenics
046380982.jpg,calisthenics
017397740.jpg,calisthenics
006665983.jpg,circuit training
099856081.jpg,circuit training
002481721.jpg,circuit training
083524406.jpg,circuit training
036536684.jpg,circuit training
055462049.jpg,circuit training
090163123.jpg,circuit training
092619299.jpg,circuit training
088125807.jpg,resistance training
007787899.jpg,resistance training
070680360.jpg,resistance training
092003816.jpg,resistance training
072924025.jpg,fishing from river bank
087474707.jpg,fishing from river bank
093871930.jpg,fishing from river bank
080509338.jpg,fishing from river bank
085058020.jpg,fishing from river bank
081110457.jpg,running
019724267.jpg,running
093154441.jpg,running
090411366.jpg,running
036663770.jpg,running
061912140.jpg,running
015939488.jpg,running
091474933.jpg,running
012115546.jpg,running
008540848.jpg,running
090944366.jpg,running
019362381.jpg,running
041628493.jpg,running
044885137.jpg,running
059901104.jpg,running
007173534.jpg,running
022675862.jpg,running
093149039.jpg,running
090841011.jpg,running
078129065.jpg,running
001940125.jpg,running
032700677.jpg,running
022971628.jpg,chopping wood
019957162.jpg,chopping wood
003778451.jpg,chopping wood
064336973.jpg,chopping wood
026251029.jpg,chopping wood
091083423.jpg,playing with animals
062625927.jpg,calisthenics
066905352.jpg,calisthenics
012628347.jpg,calisthenics
094577650.jpg,calisthenics
013257408.jpg,calisthenics
077467294.jpg,calisthenics
026481632.jpg,calisthenics
093359314.jpg,calisthenics
071995954.jpg,calisthenics
075381371.jpg,calisthenics
021905917.jpg,calisthenics
044303998.jpg,calisthenics
061781319.jpg,calisthenics
076997362.jpg,calisthenics
010395938.jpg,calisthenics
096236532.jpg,calisthenics
089022067.jpg,calisthenics
027034859.jpg,calisthenics
082276024.jpg,calisthenics
051832392.jpg,calisthenics
046180648.jpg,calisthenics
031443411.jpg,calisthenics
058096859.jpg,calisthenics
072988912.jpg,calisthenics
041093290.jpg,calisthenics
062921919.jpg,calisthenics
048301411.jpg,calisthenics
088683154.jpg,calisthenics
037834758.jpg,calisthenics
009681873.jpg,calisthenics
047605670.jpg,calisthenics
099168614.jpg,calisthenics
077043780.jpg,calisthenics
055989053.jpg,calisthenics
048640504.jpg,calisthenics
050493280.jpg,calisthenics
017641191.jpg,calisthenics
081273290.jpg,calisthenics
054176032.jpg,calisthenics
013107986.jpg,calisthenics
076615710.jpg,calisthenics
093244398.jpg,calisthenics
094730690.jpg,calisthenics
036901773.jpg,calisthenics
013551687.jpg,calisthenics
051839963.jpg,calisthenics
011260923.jpg,calisthenics
093398742.jpg,calisthenics
018357963.jpg,calisthenics
025276586.jpg,calisthenics
040663653.jpg,calisthenics
038316447.jpg,calisthenics
079466289.jpg,calisthenics
045631682.jpg,calisthenics
017076826.jpg,calisthenics
024471560.jpg,resistance training
013156531.jpg,resistance training
030227670.jpg,resistance training
089508517.jpg,resistance training
097205347.jpg,resistance training
085932495.jpg,resistance training
011001772.jpg,resistance training
094742800.jpg,resistance training
042335803.jpg,resistance training
058881027.jpg,paddleball
008922217.jpg,paddleball
043098306.jpg,paddleball
017478672.jpg,paddleball
098710009.jpg,paddleball
056115021.jpg,paddleball
032541828.jpg,paddleball
009473891.jpg,paddleball
097587086.jpg,paddleball
028625904.jpg,paddleball
042380819.jpg,paddleball
002469730.jpg,paddleball
081025913.jpg,paddleball
053657819.jpg,paddleball
027821719.jpg,paddleball
006160799.jpg,paddleball
016249842.jpg,paddleball
089503386.jpg,paddleball
068602422.jpg,paddleball
024990172.jpg,paddleball
006560076.jpg,paddleball
069061531.jpg,paddleball
057240773.jpg,paddleball
040451952.jpg,paddleball
036361145.jpg,paddleball
021681428.jpg,paddleball
066961126.jpg,paddleball
097066803.jpg,paddleball
017571525.jpg,paddleball
059711662.jpg,paddleball
042418506.jpg,paddleball
044668872.jpg,paddleball
025414728.jpg,paddleball
082513488.jpg,paddleball
048525560.jpg,paddleball
054340585.jpg,paddleball
030476091.jpg,paddleball
018180847.jpg,paddleball
008591039.jpg,paddleball
071411914.jpg,paddleball
019623428.jpg,paddleball
069007535.jpg,paddleball
039037645.jpg,paddleball
041577480.jpg,paddleball
046917750.jpg,paddleball
036770851.jpg,paddleball
010061998.jpg,paddleball
030963181.jpg,paddleball
066373436.jpg,paddleball
066578440.jpg,paddleball
028622431.jpg,paddleball
046010263.jpg,paddleball
019344723.jpg,paddleball
021037208.jpg,paddleball
002304709.jpg,paddleball
089674655.jpg,paddleball
021070667.jpg,paddleball
022753388.jpg,paddleball
027960143.jpg,paddleball
012740807.jpg,paddleball
063926288.jpg,paddleball
007514295.jpg,paddleball
013420243.jpg,paddleball
064475673.jpg,paddleball
033966062.jpg,paddleball
070794783.jpg,paddleball
055742474.jpg,paddleball
025602117.jpg,paddleball
065082795.jpg,paddleball
011627368.jpg,paddleball
087079717.jpg,backpacking
040892724.jpg,playing with animals
066196984.jpg,playing with animals
046485478.jpg,playing with animals
063058870.jpg,playing with animals
089409954.jpg,playing with animals
091987093.jpg,playing with animals
005515659.jpg,playing with animals
082064156.jpg,playing with animals
003769739.jpg,playing with animals
036716963.jpg,playing with animals
054229998.jpg,playing with animals
014810080.jpg,playing with animals
074631381.jpg,playing with animals
000835470.jpg,playing with animals
016859905.jpg,playing with animals
058079683.jpg,playing with animals
071438756.jpg,playing with animals
091664310.jpg,playing with animals
070549665.jpg,playing with animals
067177927.jpg,playing with animals
041744828.jpg,playing with animals
073067901.jpg,playing with animals
052186230.jpg,playing with animals
007417620.jpg,playing with animals
019201625.jpg,playing with animals
083999822.jpg,playing with animals
072491275.jpg,playing with animals
089476199.jpg,forestry
011755725.jpg,forestry
099022253.jpg,forestry
020940671.jpg,forestry
001177988.jpg,forestry
099742294.jpg,forestry
028107389.jpg,forestry
066801945.jpg,forestry
017668231.jpg,forestry
058022853.jpg,forestry
090403499.jpg,forestry
032018117.jpg,forestry
067025398.jpg,forestry
018790359.jpg,forestry
062479540.jpg,forestry
033645035.jpg,forestry
021120826.jpg,forestry
031318205.jpg,forestry
056586307.jpg,forestry
015723567.jpg,forestry
069062274.jpg,forestry
051343450.jpg,forestry
065060652.jpg,forestry
088968741.jpg,forestry
044043457.jpg,forestry
090117762.jpg,forestry
075066901.jpg,forestry
048860493.jpg,forestry
060322214.jpg,forestry
098359730.jpg,forestry
066735116.jpg,forestry
004384685.jpg,forestry
032662191.jpg,forestry
062331443.jpg,forestry
005633328.jpg,forestry
002388419.jpg,forestry
045002424.jpg,forestry
033269018.jpg,forestry
043829861.jpg,forestry
026269331.jpg,forestry
016471775.jpg,forestry
068914336.jpg,forestry
051457112.jpg,forestry
020015421.jpg,forestry
031958943.jpg,forestry
059180791.jpg,forestry
007222935.jpg,forestry
014745301.jpg,forestry
007324560.jpg,forestry
081231733.jpg,forestry
075240923.jpg,forestry
075331293.jpg,forestry
071632534.jpg,forestry
066938542.jpg,forestry
047699192.jpg,forestry
064227816.jpg,forestry
003836155.jpg,forestry
062146442.jpg,forestry
077787771.jpg,forestry
050035836.jpg,forestry
012818807.jpg,running
042535650.jpg,running
024720607.jpg,running
074837525.jpg,running
026203500.jpg,running
088171731.jpg,running
032937807.jpg,fishing from river bank
058779541.jpg,fishing from river bank
051039272.jpg,fishing from river bank
017862888.jpg,fishing from river bank
033774800.jpg,fishing from river bank
041844950.jpg,fishing from river bank
050853889.jpg,fishing from river bank
047675388.jpg,fishing from river bank
027067461.jpg,fishing from river bank
002917067.jpg,fishing from river bank
060510162.jpg,fishing from river bank
058385827.jpg,skateboarding
084522556.jpg,golf
052543200.jpg,golf
069150555.jpg,golf
088334970.jpg,golf
049571701.jpg,golf
031325074.jpg,golf
071663194.jpg,soccer
043728165.jpg,soccer
040354862.jpg,soccer
013696663.jpg,soccer
050677004.jpg,soccer
012654531.jpg,soccer
047662046.jpg,soccer
076361530.jpg,soccer
025826436.jpg,soccer
048078617.jpg,soccer
099201597.jpg,soccer
068665042.jpg,soccer
084135677.jpg,soccer
041484761.jpg,soccer
076786092.jpg,soccer
004050917.jpg,soccer
012291118.jpg,soccer
020307059.jpg,soccer
040195192.jpg,soccer
084574488.jpg,soccer
023751612.jpg,ballroom
037990052.jpg,ballroom
047590633.jpg,ballroom
004457004.jpg,ballroom
097057333.jpg,ballroom
071606305.jpg,ballroom
032319407.jpg,ballroom
031869726.jpg,ballroom
044854255.jpg,ballroom
011224107.jpg,ballroom
029122332.jpg,ballroom
061418372.jpg,ballroom
080432033.jpg,ballroom
089925031.jpg,ballroom
062375338.jpg,ballroom
000563131.jpg,ballroom
018631678.jpg,ballroom
009972620.jpg,ballroom
036332448.jpg,ballroom
050135099.jpg,ballroom
004339718.jpg,ballroom
034847798.jpg,ballroom
017917967.jpg,ballroom
064707017.jpg,ballroom
046427237.jpg,ballroom
049531765.jpg,ballroom
042769179.jpg,ballroom
095601971.jpg,ballroom
021473513.jpg,ballroom
051666426.jpg,ballroom
073601737.jpg,ballroom
055684441.jpg,ballroom
092902089.jpg,ballroom
037796836.jpg,ballroom
046367581.jpg,ballroom
082472316.jpg,soccer
040215638.jpg,soccer
010239446.jpg,soccer
006150574.jpg,soccer
005133437.jpg,soccer
033723775.jpg,soccer
071793702.jpg,soccer
074282150.jpg,soccer
005085397.jpg,soccer
022112326.jpg,soccer
027426185.jpg,soccer
054761198.jpg,soccer
014451522.jpg,soccer
013394122.jpg,soccer
094378889.jpg,soccer
080420291.jpg,soccer
018065490.jpg,soccer
040656781.jpg,soccer
035562200.jpg,soccer
079100407.jpg,soccer
051021292.jpg,soccer
012784974.jpg,soccer
073899206.jpg,soccer
039688798.jpg,soccer
026292425.jpg,soccer
037549862.jpg,soccer
049775656.jpg,soccer
034311552.jpg,soccer
024190577.jpg,soccer
024627073.jpg,soccer
090340776.jpg,soccer
010437146.jpg,soccer
098268824.jpg,soccer
086024781.jpg,soccer
068789865.jpg,soccer
093874989.jpg,soccer
072231117.jpg,soccer
019045700.jpg,soccer
044215614.jpg,soccer
007150302.jpg,soccer
038965742.jpg,soccer
074160302.jpg,soccer
038644335.jpg,soccer
033029418.jpg,soccer
059535572.jpg,soccer
087220453.jpg,soccer
004758319.jpg,soccer
038547043.jpg,soccer
092552932.jpg,paddleball
010812335.jpg,paddleball
042786951.jpg,paddleball
009865738.jpg,paddleball
061909310.jpg,paddleball
014369161.jpg,paddleball
052237326.jpg,paddleball
000721995.jpg,paddleball
031659635.jpg,paddleball
067719072.jpg,paddleball
048403894.jpg,paddleball
097826949.jpg,paddleball
087410380.jpg,paddleball
035907078.jpg,paddleball
004548654.jpg,paddleball
084562630.jpg,paddleball
091123431.jpg,paddleball
097641322.jpg,paddleball
028126002.jpg,paddleball
095343582.jpg,paddleball
005354465.jpg,paddleball
070927201.jpg,paddleball
053211113.jpg,paddleball
047787708.jpg,paddleball
022349431.jpg,paddleball
070559579.jpg,paddleball
019080949.jpg,paddleball
055284180.jpg,paddleball
025324536.jpg,paddleball
095562138.jpg,paddleball
002863119.jpg,paddleball
019972828.jpg,paddleball
024231061.jpg,paddleball
041406783.jpg,paddleball
023273024.jpg,paddleball
049134909.jpg,paddleball
087246552.jpg,paddleball
071206342.jpg,paddleball
057996198.jpg,paddleball
008900318.jpg,paddleball
069399211.jpg,paddleball
016641428.jpg,paddleball
078636739.jpg,paddleball
025005676.jpg,paddleball
041704873.jpg,paddleball
010036750.jpg,paddleball
063377904.jpg,paddleball
088013135.jpg,paddleball
088775351.jpg,paddleball
095766347.jpg,paddleball
086770546.jpg,paddleball
000214092.jpg,paddleball
038024117.jpg,paddleball
058756177.jpg,resistance training
035354885.jpg,playing with animals
048245147.jpg,playing with animals
059734930.jpg,playing with animals
047246211.jpg,playing with animals
069831332.jpg,playing with animals
000580377.jpg,resistance training
030095772.jpg,resistance training
074891764.jpg,resistance training
000437398.jpg,tailoring
027387182.jpg,tailoring
059762899.jpg,tailoring
079926597.jpg,tailoring
013338862.jpg,tailoring
011054136.jpg,tailoring
092209265.jpg,tailoring
075114837.jpg,tailoring
058977960.jpg,tailoring
076918679.jpg,tailoring
093296255.jpg,tailoring
024185295.jpg,tailoring
079822118.jpg,tailoring
043307451.jpg,tailoring
091752473.jpg,tailoring
045012427.jpg,tailoring
074430372.jpg,tailoring
046696741.jpg,tailoring
022780076.jpg,tailoring
019935013.jpg,tailoring
042543119.jpg,tailoring
075549466.jpg,tailoring
060507149.jpg,tailoring
068862929.jpg,tailoring
028232635.jpg,tailoring
048143535.jpg,tailoring
004439526.jpg,tailoring
081753242.jpg,tailoring
098989216.jpg,tailoring
040687906.jpg,tailoring
001096365.jpg,tailoring
016979264.jpg,tailoring
065252688.jpg,tailoring
030714995.jpg,skateboarding
090508812.jpg,skateboarding
023769876.jpg,skateboarding
008118779.jpg,skateboarding
062713839.jpg,skateboarding
033636871.jpg,skateboarding
067208439.jpg,skateboarding
003211976.jpg,skateboarding
013339924.jpg,skateboarding
068637223.jpg,skateboarding
021237066.jpg,skateboarding
085758768.jpg,skateboarding
005859089.jpg,skateboarding
021548198.jpg,skateboarding
099856025.jpg,skateboarding
043307610.jpg,skateboarding
070296566.jpg,skateboarding
048253841.jpg,fishing from river bank
094031615.jpg,fishing from river bank
029367641.jpg,fishing from river bank
041570358.jpg,fishing from river bank
078695681.jpg,fishing from river bank
083305694.jpg,forestry
068811388.jpg,forestry
002116381.jpg,forestry
033670567.jpg,forestry
014447570.jpg,forestry
023297221.jpg,forestry
090548948.jpg,forestry
003689329.jpg,forestry
050252963.jpg,forestry
027117779.jpg,forestry
094760250.jpg,forestry
046386522.jpg,forestry
005879602.jpg,forestry
072926641.jpg,forestry
032884529.jpg,forestry
065348893.jpg,forestry
099481303.jpg,fishing from river bank
011478628.jpg,fishing from river bank
072596878.jpg,fishing from river bank
005174548.jpg,fishing from river bank
093595515.jpg,skateboarding
016474104.jpg,skateboarding
004215042.jpg,skateboarding
045405532.jpg,skateboarding
080120990.jpg,skateboarding
077166811.jpg,skateboarding
091953063.jpg,skateboarding
053320066.jpg,skateboarding
010006467.jpg,skateboarding
058868897.jpg,skateboarding
077839561.jpg,skateboarding
009332812.jpg,skateboarding
017265740.jpg,skateboarding
001229066.jpg,skateboarding
059365258.jpg,skateboarding
088673439.jpg,skateboarding
067066332.jpg,skateboarding
098204009.jpg,skateboarding
006303365.jpg,skateboarding
090300109.jpg,skateboarding
081406829.jpg,skateboarding
031424152.jpg,skateboarding
097352655.jpg,skateboarding
076401263.jpg,soccer
029244546.jpg,soccer
008139032.jpg,soccer
001143268.jpg,soccer
042745053.jpg,soccer
041033759.jpg,soccer
019188755.jpg,backpacking
065327157.jpg,backpacking
005369719.jpg,backpacking
031340556.jpg,backpacking
014943190.jpg,backpacking
058017637.jpg,backpacking
072113585.jpg,soccer
025523122.jpg,soccer
088132489.jpg,horseback riding
058601638.jpg,horseback riding
077860136.jpg,horseback riding
024870716.jpg,horseback riding
067818258.jpg,horseback riding
090219412.jpg,horseback riding
038573233.jpg,horseback riding
027072276.jpg,calisthenics
044972731.jpg,calisthenics
027849200.jpg,calisthenics
072785587.jpg,basketball
018373893.jpg,basketball
051148677.jpg,basketball
009326012.jpg,basketball
092088616.jpg,basketball
034396061.jpg,basketball
090813206.jpg,basketball
094487564.jpg,basketball
000612865.jpg,basketball
046413519.jpg,basketball
002465606.jpg,basketball
090869277.jpg,basketball
051840754.jpg,basketball
007494401.jpg,basketball
011027673.jpg,basketball
038350902.jpg,basketball
094023419.jpg,basketball
069290915.jpg,basketball
086761887.jpg,basketball
036645665.jpg,basketball
004321370.jpg,basketball
097431764.jpg,basketball
001717299.jpg,basketball
094765165.jpg,basketball
036867742.jpg,basketball
001009041.jpg,basketball
068915723.jpg,basketball
098054030.jpg,basketball
056553891.jpg,basketball
063730483.jpg,basketball
073941791.jpg,basketball
018105036.jpg,basketball
095900709.jpg,basketball
063873926.jpg,basketball
084704692.jpg,basketball
054006572.jpg,basketball
041427685.jpg,basketball
097718291.jpg,basketball
098132829.jpg,tailoring
051831512.jpg,tailoring
020247856.jpg,basketball
066825944.jpg,basketball
018247633.jpg,basketball
061345743.jpg,basketball
088543876.jpg,basketball
006649080.jpg,basketball
095304659.jpg,basketball
038203483.jpg,basketball
009163821.jpg,basketball
011227276.jpg,basketball
072674057.jpg,basketball
094433224.jpg,basketball
061074849.jpg,basketball
071585002.jpg,basketball
076196974.jpg,basketball
026281427.jpg,basketball
004522963.jpg,basketball
023492919.jpg,horseback riding
010033105.jpg,horseback riding
014828254.jpg,horseback riding
070203567.jpg,horseback riding
048106719.jpg,fishing from river bank
004585202.jpg,fishing from river bank
000725243.jpg,fishing from river bank
098806794.jpg,fishing from river bank
065883470.jpg,fishing from river bank
036540613.jpg,fishing from river bank
018413002.jpg,fishing from river bank
084036151.jpg,fishing from river bank
012155663.jpg,fishing from river bank
022712637.jpg,playing with animals
083113477.jpg,tailoring
028204235.jpg,tailoring
008566419.jpg,horseback riding
094686740.jpg,horseback riding
029172389.jpg,horseback riding
022646469.jpg,horseback riding
012913640.jpg,horseback riding
094600219.jpg,horseback riding
071190374.jpg,horseback riding
074166089.jpg,horseback riding
049940456.jpg,horseback riding
047472779.jpg,horseback riding
024691650.jpg,horseback riding
097714533.jpg,horseback riding
079658094.jpg,horseback riding
041299206.jpg,horseback riding
015134126.jpg,horseback riding
055689064.jpg,horseback riding
078705665.jpg,horseback riding
031431488.jpg,horseback riding
008466981.jpg,horseback riding
046453846.jpg,horseback riding
074811024.jpg,horseback riding
001162660.jpg,running
047353016.jpg,running
079818299.jpg,running
039594110.jpg,running
027146066.jpg,running
029165877.jpg,running
012325562.jpg,running
080576383.jpg,running
000924231.jpg,running
031250546.jpg,running
017441054.jpg,running
058903894.jpg,running
025425240.jpg,running
013688032.jpg,running
068760143.jpg,running
099290349.jpg,running
039564682.jpg,running
062455864.jpg,running
096297594.jpg,running
083153497.jpg,running
046355222.jpg,running
013977166.jpg,backpacking
058341544.jpg,backpacking
098500975.jpg,backpacking
009625058.jpg,backpacking
028573143.jpg,backpacking
086945912.jpg,backpacking
007227201.jpg,backpacking
087588572.jpg,backpacking
052428598.jpg,backpacking
029711716.jpg,backpacking
030580258.jpg,backpacking
088480308.jpg,backpacking
072379523.jpg,backpacking
066972301.jpg,backpacking
079874915.jpg,backpacking
025711466.jpg,backpacking
046006624.jpg,backpacking
078244164.jpg,backpacking
030925611.jpg,backpacking
064317862.jpg,backpacking
088221241.jpg,backpacking
065458480.jpg,backpacking
025350619.jpg,backpacking
091897933.jpg,backpacking
066994261.jpg,backpacking
037699324.jpg,backpacking
084873633.jpg,backpacking
013919661.jpg,backpacking
058021896.jpg,backpacking
088810792.jpg,backpacking
047353965.jpg,backpacking
032346733.jpg,running
065689323.jpg,resistance training
070482417.jpg,resistance training
030884381.jpg,resistance training
031528051.jpg,resistance training
006055226.jpg,resistance training
068682122.jpg,resistance training
066000260.jpg,resistance training
028895782.jpg,resistance training
014074336.jpg,resistance training
015663418.jpg,resistance training
063939089.jpg,resistance training
087287329.jpg,resistance training
040949628.jpg,resistance training
056189810.jpg,running
045891652.jpg,circuit training
096957205.jpg,circuit training
029615447.jpg,circuit training
062732447.jpg,circuit training
042006267.jpg,circuit training
006114618.jpg,circuit training
048933083.jpg,circuit training
081334333.jpg,circuit training
009875297.jpg,circuit training
006959185.jpg,circuit training
015363152.jpg,circuit training
076440011.jpg,circuit training
072399538.jpg,circuit training
091599200.jpg,frisbee
029785001.jpg,frisbee
094979935.jpg,frisbee
015166696.jpg,frisbee
008196878.jpg,frisbee
043161552.jpg,frisbee
082832297.jpg,frisbee
047342113.jpg,frisbee
082928668.jpg,frisbee
072968681.jpg,frisbee
020942839.jpg,frisbee
094888162.jpg,frisbee
006078117.jpg,frisbee
089827971.jpg,frisbee
030444345.jpg,frisbee
050014808.jpg,frisbee
042235187.jpg,frisbee
017183456.jpg,frisbee
035814687.jpg,frisbee
019293444.jpg,frisbee
020388648.jpg,frisbee
018705684.jpg,frisbee
048901738.jpg,frisbee
079793137.jpg,frisbee
056897003.jpg,frisbee
089320659.jpg,frisbee
063654449.jpg,frisbee
068934012.jpg,frisbee
066760723.jpg,frisbee
044945919.jpg,frisbee
068933882.jpg,frisbee
006970775.jpg,frisbee
085985147.jpg,frisbee
077781214.jpg,frisbee
024522996.jpg,frisbee
076803245.jpg,frisbee
007983107.jpg,frisbee
014833918.jpg,frisbee
002213328.jpg,frisbee
062833637.jpg,frisbee
058237056.jpg,frisbee
030666863.jpg,frisbee
096157897.jpg,frisbee
057847325.jpg,frisbee
098759577.jpg,frisbee
037246695.jpg,frisbee
045762663.jpg,frisbee
032457866.jpg,frisbee
018288765.jpg,frisbee
014316471.jpg,frisbee
094507920.jpg,frisbee
098681068.jpg,frisbee
004490950.jpg,frisbee
015034587.jpg,frisbee
042352409.jpg,frisbee
052407245.jpg,circuit training
091481598.jpg,circuit training
097337920.jpg,circuit training
026216391.jpg,circuit training
021285077.jpg,circuit training
008051656.jpg,circuit training
056179785.jpg,circuit training
001360440.jpg,circuit training
041189830.jpg,circuit training
007338402.jpg,circuit training
088528283.jpg,circuit training
036159027.jpg,circuit training
093245042.jpg,circuit training
063060847.jpg,circuit training
093415534.jpg,circuit training
075716663.jpg,circuit training
010343517.jpg,circuit training
023115137.jpg,circuit training
039417045.jpg,circuit training
017010688.jpg,circuit training
049491160.jpg,circuit training
047136816.jpg,circuit training
095625920.jpg,circuit training
043372788.jpg,circuit training
078562680.jpg,circuit training
076127143.jpg,horseback riding
095423136.jpg,horseback riding
037143395.jpg,horseback riding
082940022.jpg,horseback riding
019079227.jpg,horseback riding
080717977.jpg,horseback riding
065749406.jpg,horseback riding
019274351.jpg,horseback riding
030250396.jpg,horseback riding
013177089.jpg,horseback riding
038296701.jpg,horseback riding
020364864.jpg,horseback riding
064399795.jpg,horseback riding
047165280.jpg,horseback riding
026890430.jpg,horseback riding
005602913.jpg,horseback riding
040865768.jpg,horseback riding
005259147.jpg,horseback riding
055049247.jpg,horseback riding
030729364.jpg,horseback riding
053360240.jpg,horseback riding
013429696.jpg,horseback riding
093262997.jpg,horseback riding
089452124.jpg,horseback riding
018999651.jpg,horseback riding
034344428.jpg,horseback riding
061349277.jpg,horseback riding
009568621.jpg,horseback riding
035456782.jpg,horseback riding
025111229.jpg,horseback riding
091551673.jpg,horseback riding
085251064.jpg,horseback riding
057983274.jpg,horseback riding
067673670.jpg,horseback riding
054143448.jpg,horseback riding
001846590.jpg,horseback riding
006197504.jpg,horseback riding
088808038.jpg,horseback riding
086887080.jpg,horseback riding
035727092.jpg,horseback riding
019423293.jpg,chopping wood
041555953.jpg,chopping wood
038433903.jpg,chopping wood
073839164.jpg,chopping wood
077421556.jpg,chopping wood
060702865.jpg,chopping wood
002268684.jpg,chopping wood
093102228.jpg,chopping wood
068623328.jpg,chopping wood
003419545.jpg,chopping wood
041983878.jpg,chopping wood
088971372.jpg,chopping wood
043736129.jpg,chopping wood
007534412.jpg,chopping wood
094663873.jpg,chopping wood
092053523.jpg,chopping wood
068443269.jpg,chopping wood
046789253.jpg,chopping wood
009285947.jpg,chopping wood
079074812.jpg,chopping wood
007547791.jpg,chopping wood
006860098.jpg,chopping wood
053738384.jpg,chopping wood
016012824.jpg,chopping wood
000773027.jpg,chopping wood
042311343.jpg,chopping wood
013721723.jpg,chopping wood
016051542.jpg,chopping wood
007691064.jpg,chopping wood
020509375.jpg,chopping wood
025756773.jpg,chopping wood
054389842.jpg,chopping wood
073955115.jpg,chopping wood
060500306.jpg,chopping wood
039212785.jpg,chopping wood
011832407.jpg,chopping wood
090728956.jpg,chopping wood
092102952.jpg,chopping wood
053510678.jpg,chopping wood
051150836.jpg,chopping wood
026567847.jpg,chopping wood
093579983.jpg,chopping wood
045791917.jpg,chopping wood
012759124.jpg,chopping wood
043270491.jpg,chopping wood
012705325.jpg,chopping wood
050253168.jpg,chopping wood
057135157.jpg,skateboarding
014997702.jpg,skateboarding
078391238.jpg,skateboarding
033244772.jpg,skateboarding
059134259.jpg,skateboarding
071563924.jpg,skateboarding
088904212.jpg,skateboarding
083578744.jpg,skateboarding
060830903.jpg,skateboarding
038839318.jpg,skateboarding
050320467.jpg,skateboarding
033222776.jpg,skateboarding
041132270.jpg,skateboarding
060284475.jpg,skateboarding
099980514.jpg,skateboarding
049299243.jpg,skateboarding
020849447.jpg,skateboarding
016284658.jpg,skateboarding
004234975.jpg,skateboarding
055881723.jpg,skateboarding
054457209.jpg,skateboarding
020523393.jpg,skateboarding
069532941.jpg,skateboarding
074110704.jpg,skateboarding
025909821.jpg,skateboarding
034409976.jpg,skateboarding
099047167.jpg,skateboarding
037426447.jpg,skateboarding
076080167.jpg,skateboarding
045272543.jpg,skateboarding
079334483.jpg,skateboarding
076902324.jpg,skateboarding
066775603.jpg,skateboarding
085477835.jpg,skateboarding
093921849.jpg,skateboarding
057998332.jpg,skateboarding
023746891.jpg,skateboarding
039862896.jpg,skateboarding
075830571.jpg,skateboarding
065088349.jpg,skateboarding
017779834.jpg,skateboarding
005123954.jpg,skateboarding
068296159.jpg,skateboarding
025107902.jpg,skateboarding
049967024.jpg,skateboarding
074674677.jpg,skateboarding
056266678.jpg,skateboarding
008330258.jpg,skateboarding
018558024.jpg,skateboarding
021932818.jpg,skateboarding
025786425.jpg,skateboarding
056540339.jpg,skateboarding
050396578.jpg,skateboarding
020316004.jpg,skateboarding
006755484.jpg,skateboarding
017143220.jpg,skateboarding
098438131.jpg,skateboarding
046854695.jpg,skateboarding
086734550.jpg,skateboarding
084875247.jpg,skateboarding
051151956.jpg,skateboarding
019275201.jpg,skateboarding
068839670.jpg,skateboarding
027238458.jpg,skateboarding
083206210.jpg,skateboarding
008372413.jpg,skateboarding
077313867.jpg,skateboarding
009993691.jpg,skateboarding
088118924.jpg,skateboarding
030420452.jpg,skateboarding
065439336.jpg,skateboarding
048750228.jpg,skateboarding
036630315.jpg,skateboarding
064544183.jpg,skateboarding
018923760.jpg,horseback riding
080801475.jpg,horseback riding
026083108.jpg,horseback riding
079922711.jpg,horseback riding
027153348.jpg,horseback riding
003318763.jpg,horseback riding
029795743.jpg,horseback riding
060851234.jpg,resistance training
039348055.jpg,resistance training
096482313.jpg,resistance training
057168233.jpg,resistance training
093778763.jpg,resistance training
000759142.jpg,resistance training
057267058.jpg,resistance training
071718689.jpg,resistance training
074508017.jpg,resistance training
090497688.jpg,resistance training
000440161.jpg,resistance training
000033016.jpg,resistance training
047226346.jpg,resistance training
002929371.jpg,resistance training
097453255.jpg,resistance training
022206517.jpg,resistance training
047266473.jpg,resistance training
006113763.jpg,resistance training
052204842.jpg,resistance training
037995613.jpg,resistance training
004466003.jpg,resistance training
033512427.jpg,resistance training
039143602.jpg,resistance training
098992149.jpg,resistance training
020788587.jpg,resistance training
054477962.jpg,resistance training
089544531.jpg,resistance training
003546959.jpg,resistance training
086318735.jpg,resistance training
035996152.jpg,resistance training
063933876.jpg,resistance training
092219972.jpg,resistance training
015170662.jpg,resistance training
056695048.jpg,resistance training
076443286.jpg,resistance training
075758383.jpg,resistance training
052563191.jpg,resistance training
062473946.jpg,resistance training
075752699.jpg,resistance training
084102764.jpg,resistance training
076181310.jpg,resistance training
035400494.jpg,resistance training
099672640.jpg,resistance training
043450269.jpg,resistance training
087555665.jpg,resistance training
087593393.jpg,resistance training
017606704.jpg,resistance training
026490719.jpg,resistance training
007639332.jpg,resistance training
077846834.jpg,resistance training
006981630.jpg,resistance training
055669567.jpg,resistance training
024787557.jpg,resistance training
024344563.jpg,resistance training
039293731.jpg,resistance training
087970798.jpg,resistance training
097980316.jpg,resistance training
049376949.jpg,resistance training
039064065.jpg,resistance training
047193793.jpg,resistance training
085273675.jpg,resistance training
064546843.jpg,resistance training
004572661.jpg,soccer
094535813.jpg,soccer
014378517.jpg,soccer
090301304.jpg,soccer
008358222.jpg,soccer
082262493.jpg,soccer
015196253.jpg,soccer
003813161.jpg,soccer
071948945.jpg,soccer
028026530.jpg,soccer
071449615.jpg,soccer
060436147.jpg,soccer
030277359.jpg,soccer
020036030.jpg,soccer
054257020.jpg,soccer
044021897.jpg,soccer
039011321.jpg,soccer
067256720.jpg,soccer
069050663.jpg,soccer
004592006.jpg,soccer
033874449.jpg,soccer
041176455.jpg,soccer
009689216.jpg,soccer
023590087.jpg,soccer
005164180.jpg,soccer
099624210.jpg,soccer
073655720.jpg,soccer
008745016.jpg,soccer
002024938.jpg,soccer
071928780.jpg,soccer
043919217.jpg,soccer
078679671.jpg,soccer
092347604.jpg,soccer
059930039.jpg,soccer
018710842.jpg,soccer
078219404.jpg,soccer
095581174.jpg,soccer
058023129.jpg,soccer
068199745.jpg,soccer
033747470.jpg,soccer
038152769.jpg,soccer
073465450.jpg,soccer
092777110.jpg,soccer
062898839.jpg,soccer
078984791.jpg,soccer
034247256.jpg,resistance training
056743925.jpg,resistance training
029611713.jpg,calisthenics
071395542.jpg,skateboarding
063370974.jpg,calisthenics
048155340.jpg,golf
066700153.jpg,golf
007979705.jpg,golf
085155112.jpg,golf
005554723.jpg,golf
014874151.jpg,golf
057678971.jpg,golf
073941146.jpg,golf
007625156.jpg,golf
092076481.jpg,golf
097360765.jpg,golf
060595017.jpg,golf
048124346.jpg,golf
074139497.jpg,golf
032835735.jpg,golf
049326443.jpg,golf
091615103.jpg,golf
095565543.jpg,golf
092706912.jpg,golf
026244807.jpg,golf
023246904.jpg,golf
029766451.jpg,golf
044131111.jpg,golf
031416741.jpg,golf
037421280.jpg,golf
062063695.jpg,golf
076252568.jpg,golf
073555820.jpg,golf
081442357.jpg,golf
003218440.jpg,golf
004773379.jpg,golf
078938296.jpg,golf
053307882.jpg,golf
057814067.jpg,golf
005258686.jpg,golf
025531380.jpg,golf
063835430.jpg,golf
085918189.jpg,golf
091698340.jpg,golf
050041950.jpg,golf
054547423.jpg,golf
083304963.jpg,golf
053762460.jpg,golf
051685853.jpg,golf
090508404.jpg,golf
078993272.jpg,golf
090907253.jpg,golf
021824705.jpg,golf
052437549.jpg,golf
084247213.jpg,golf
011114783.jpg,golf
079466215.jpg,golf
018297338.jpg,golf
080811875.jpg,golf
061200094.jpg,golf
055484219.jpg,rock climbing
072223326.jpg,rock climbing
090397617.jpg,rock climbing
088391840.jpg,rock climbing
050874029.jpg,rock climbing
064316145.jpg,rock climbing
046817776.jpg,rock climbing
090626579.jpg,rock climbing
093070399.jpg,rock climbing
089541406.jpg,rock climbing
069072289.jpg,rock climbing
096018843.jpg,rock climbing
064095222.jpg,rock climbing
061707653.jpg,rock climbing
055348993.jpg,rock climbing
008845574.jpg,rock climbing
072950383.jpg,rock climbing
060204954.jpg,rock climbing
089881109.jpg,rock climbing
078396079.jpg,rock climbing
078091525.jpg,rock climbing
092718377.jpg,rock climbing
098993495.jpg,rock climbing
058128273.jpg,rock climbing
010888162.jpg,rock climbing
045912991.jpg,rock climbing
078760115.jpg,rock climbing
002772532.jpg,rock climbing
005688744.jpg,rock climbing
006715778.jpg,rock climbing
073103576.jpg,rock climbing
050116663.jpg,rock climbing
036889794.jpg,rock climbing
010561705.jpg,rock climbing
073224025.jpg,rock climbing
032101981.jpg,rock climbing
026532407.jpg,rock climbing
065231920.jpg,rock climbing
055901089.jpg,rock climbing
036241064.jpg,rock climbing
027122152.jpg,rock climbing
079483026.jpg,rock climbing
022931895.jpg,rock climbing
015883770.jpg,rock climbing
078243941.jpg,rock climbing
070789203.jpg,rock climbing
018263898.jpg,rock climbing
011624575.jpg,rock climbing
083839909.jpg,rock climbing
077659848.jpg,rock climbing
032725737.jpg,rock climbing
065819741.jpg,rock climbing
042323944.jpg,rock climbing
056389211.jpg,rock climbing
095068194.jpg,rock climbing
010886045.jpg,rock climbing
003291377.jpg,rock climbing
060795718.jpg,rock climbing
094909709.jpg,rock climbing
098972313.jpg,rock climbing
048416425.jpg,rock climbing
046808162.jpg,rock climbing
064496377.jpg,rock climbing
055563476.jpg,rock climbing
063408806.jpg,rock climbing
087399943.jpg,rock climbing
074630617.jpg,rock climbing
049687739.jpg,rock climbing
046186446.jpg,rock climbing
063960175.jpg,rock climbing
045570628.jpg,rock climbing
070699696.jpg,tailoring
028442032.jpg,tailoring
026724698.jpg,tailoring
087924904.jpg,tailoring
016247915.jpg,tailoring
006439295.jpg,tailoring
026918644.jpg,tailoring
060694541.jpg,tailoring
012308785.jpg,tailoring
047159467.jpg,tailoring
062733711.jpg,tailoring
084873699.jpg,tailoring
022986959.jpg,tailoring
081734632.jpg,tailoring
023490626.jpg,tailoring
067676654.jpg,tailoring
043067357.jpg,tailoring
011468124.jpg,tailoring
071426346.jpg,tailoring
021776262.jpg,tailoring
017662343.jpg,tailoring
035832293.jpg,tailoring
065329024.jpg,tailoring
023399648.jpg,tailoring
018366154.jpg,tailoring
001832617.jpg,horseback riding
054525345.jpg,horseback riding
072782567.jpg,horseback riding
062185609.jpg,horseback riding
076053220.jpg,horseback riding
072569185.jpg,horseback riding
069203070.jpg,horseback riding
082153986.jpg,horseback riding
064569067.jpg,horseback riding
040241849.jpg,horseback riding
047190911.jpg,horseback riding
071672478.jpg,horseback riding
087630603.jpg,horseback riding
027221880.jpg,horseback riding
034207680.jpg,horseback riding
093073940.jpg,horseback riding
057851179.jpg,horseback riding
017896182.jpg,horseback riding
066369514.jpg,horseback riding
071389147.jpg,skateboarding
001312213.jpg,skateboarding
068218317.jpg,skateboarding
043966153.jpg,skateboarding
098359833.jpg,skateboarding
056907320.jpg,skateboarding
020276921.jpg,skateboarding
029281286.jpg,skateboarding
069356246.jpg,skateboarding
092473957.jpg,skateboarding
017872013.jpg,skateboarding
008234650.jpg,skateboarding
036799966.jpg,resistance training
067060581.jpg,resistance training
022540211.jpg,resistance training
024032277.jpg,resistance training
057470920.jpg,resistance training
056064293.jpg,resistance training
076872923.jpg,resistance training
075781331.jpg,resistance training
067068776.jpg,resistance training
044913057.jpg,resistance training
089064039.jpg,resistance training
062257849.jpg,resistance training
099019849.jpg,resistance training
081936982.jpg,resistance training
004430981.jpg,resistance training
032059391.jpg,resistance training
057187572.jpg,resistance training
072146954.jpg,resistance training
055033650.jpg,resistance training
078613042.jpg,resistance training
028265565.jpg,resistance training
018391205.jpg,resistance training
005391668.jpg,resistance training
057331374.jpg,resistance training
068859952.jpg,resistance training
032614972.jpg,resistance training
061358418.jpg,resistance training
005215723.jpg,resistance training
009929335.jpg,resistance training
070175477.jpg,resistance training
036806971.jpg,resistance training
022816733.jpg,skateboarding
019253482.jpg,skateboarding
059001247.jpg,skateboarding
074108580.jpg,skateboarding
031913952.jpg,skateboarding
010470516.jpg,skateboarding
071674638.jpg,skateboarding
029969783.jpg,skateboarding
016636272.jpg,skateboarding
014772353.jpg,skateboarding
031490955.jpg,skateboarding
059267807.jpg,skateboarding
035840224.jpg,skateboarding
030160357.jpg,skateboarding
008022429.jpg,skateboarding
093943362.jpg,skateboarding
054853899.jpg,skateboarding
078783319.jpg,skateboarding
065835709.jpg,skateboarding
051425428.jpg,skateboarding
008967826.jpg,skateboarding
077976106.jpg,rollerblading
023903594.jpg,rollerblading
025696885.jpg,rollerblading
030712069.jpg,rollerblading
059801836.jpg,rollerblading
017181618.jpg,rollerblading
010424320.jpg,rollerblading
020808721.jpg,rollerblading
038418915.jpg,rollerblading
054401229.jpg,rollerblading
061298586.jpg,rollerblading
046818390.jpg,rollerblading
081012664.jpg,rollerblading
076760602.jpg,rollerblading
050515792.jpg,rollerblading
085442939.jpg,rollerblading
075108953.jpg,skateboarding
077858185.jpg,skateboarding
095640078.jpg,skateboarding
026646694.jpg,rollerblading
012807851.jpg,skateboarding
001216835.jpg,skateboarding
063023881.jpg,rollerblading
035902262.jpg,skateboarding
010518828.jpg,skateboarding
032283778.jpg,skateboarding
016894409.jpg,skateboarding
094169483.jpg,skateboarding
032000489.jpg,skateboarding
033395352.jpg,skateboarding
083985800.jpg,rollerblading
064775576.jpg,skateboarding
071017161.jpg,skateboarding
063600180.jpg,skateboarding
094619628.jpg,skateboarding
020700083.jpg,skateboarding
098903924.jpg,skateboarding
083095618.jpg,skateboarding
058897259.jpg,skateboarding
066237162.jpg,skateboarding
001316277.jpg,skateboarding
073623760.jpg,skateboarding
073221756.jpg,skateboarding
016514871.jpg,skateboarding
095666009.jpg,skateboarding
022390813.jpg,skateboarding
045774937.jpg,skateboarding
011473596.jpg,skateboarding
060328232.jpg,skateboarding
037545112.jpg,skateboarding
035317346.jpg,skateboarding
086229253.jpg,forestry
034254217.jpg,forestry
094650838.jpg,forestry
007174796.jpg,forestry
048620869.jpg,forestry
059712438.jpg,forestry
024765010.jpg,forestry
077138019.jpg,forestry
062689568.jpg,forestry
001810944.jpg,forestry
060836859.jpg,forestry
049147823.jpg,forestry
019602920.jpg,forestry
099574823.jpg,forestry
089716219.jpg,forestry
029250770.jpg,forestry
054107092.jpg,forestry
031650214.jpg,forestry
077549575.jpg,forestry
093033143.jpg,forestry
035882861.jpg,forestry
080558425.jpg,forestry
049840754.jpg,forestry
039657856.jpg,forestry
093842185.jpg,forestry
051040469.jpg,forestry
046741050.jpg,forestry
067243440.jpg,forestry
026123420.jpg,forestry
032479287.jpg,forestry
093204584.jpg,forestry
067852985.jpg,forestry
082663715.jpg,forestry
027111176.jpg,forestry
054379019.jpg,forestry
097139627.jpg,forestry
031870390.jpg,forestry
016047648.jpg,forestry
051088601.jpg,forestry
038782109.jpg,forestry
015957723.jpg,forestry
027331932.jpg,forestry
079603715.jpg,forestry
000805262.jpg,forestry
081514460.jpg,soccer
054998898.jpg,soccer
086899941.jpg,soccer
004681396.jpg,soccer
030369847.jpg,soccer
044332001.jpg,soccer
017226481.jpg,soccer
072999831.jpg,soccer
018451200.jpg,soccer
034663969.jpg,soccer
066328064.jpg,soccer
048208934.jpg,soccer
073857104.jpg,soccer
096120790.jpg,soccer
011654669.jpg,soccer
070956772.jpg,soccer
023034416.jpg,soccer
041447673.jpg,soccer
003286273.jpg,soccer
013590738.jpg,soccer
031977729.jpg,soccer
034198581.jpg,soccer
089958522.jpg,soccer
074181291.jpg,soccer
097218297.jpg,soccer
059907151.jpg,soccer
007478816.jpg,rollerblading
025175880.jpg,rollerblading
017801595.jpg,rollerblading
077430012.jpg,rollerblading
032168405.jpg,rollerblading
049371920.jpg,rollerblading
088399255.jpg,rollerblading
005588827.jpg,rollerblading
023330229.jpg,rollerblading
063302122.jpg,rollerblading
025987963.jpg,rollerblading
019023988.jpg,rollerblading
061359807.jpg,rollerblading
030069119.jpg,rollerblading
061355930.jpg,rollerblading
094573842.jpg,rollerblading
067474173.jpg,rollerblading
078290414.jpg,rollerblading
081391611.jpg,golf
051839819.jpg,golf
091154905.jpg,golf
032595154.jpg,golf
032354736.jpg,golf
025246930.jpg,golf
027893531.jpg,golf
094913215.jpg,golf
035927692.jpg,golf
000360424.jpg,golf
028576890.jpg,golf
012241081.jpg,golf
075911910.jpg,golf
059554928.jpg,golf
060906617.jpg,golf
021847043.jpg,golf
065116839.jpg,golf
076545845.jpg,golf
035788853.jpg,golf
080134714.jpg,golf
034879059.jpg,golf
075813846.jpg,golf
003373011.jpg,golf
055116460.jpg,golf
096952656.jpg,golf
098124460.jpg,golf
028175258.jpg,golf
044139909.jpg,golf
006297791.jpg,golf
087334131.jpg,golf
056857215.jpg,golf
038510068.jpg,golf
011277056.jpg,golf
073675635.jpg,running
094439770.jpg,running
070926209.jpg,running
042179882.jpg,running
042646480.jpg,running
091868418.jpg,running
057640469.jpg,running
070637921.jpg,running
041703522.jpg,running
022369276.jpg,running
072355929.jpg,running
062402094.jpg,running
083390837.jpg,backpacking
016582998.jpg,backpacking
005314959.jpg,backpacking
019160336.jpg,backpacking
026773722.jpg,backpacking
028231106.jpg,backpacking
067051360.jpg,backpacking
021782459.jpg,backpacking
067665830.jpg,backpacking
009113217.jpg,backpacking
014720246.jpg,backpacking
050882145.jpg,backpacking
092189580.jpg,backpacking
085956759.jpg,backpacking
096875344.jpg,backpacking
065047907.jpg,backpacking
067581487.jpg,backpacking
062502300.jpg,backpacking
062281892.jpg,backpacking
014712035.jpg,backpacking
054373896.jpg,backpacking
038606793.jpg,backpacking
044253722.jpg,backpacking
052360057.jpg,backpacking
012839617.jpg,backpacking
035948773.jpg,backpacking
006344956.jpg,backpacking
097966813.jpg,backpacking
011852803.jpg,backpacking
025852474.jpg,backpacking
089129293.jpg,backpacking
048271005.jpg,backpacking
013563720.jpg,backpacking
038423054.jpg,backpacking
011586799.jpg,backpacking
020021600.jpg,backpacking
005202985.jpg,backpacking
043822749.jpg,backpacking
080663612.jpg,backpacking
058596918.jpg,backpacking
060634531.jpg,backpacking
020058403.jpg,backpacking
034389384.jpg,backpacking
084524210.jpg,backpacking
008785618.jpg,backpacking
085793065.jpg,backpacking
048369003.jpg,backpacking
083714743.jpg,backpacking
004212774.jpg,ballroom
007261085.jpg,ballroom
024338328.jpg,ballroom
001952928.jpg,ballroom
024541059.jpg,ballroom
065497632.jpg,ballroom
006110708.jpg,ballroom
043673668.jpg,ballroom
091310879.jpg,ballroom
046593278.jpg,ballroom
066637652.jpg,ballroom
067122808.jpg,ballroom
019448223.jpg,ballroom
020004863.jpg,ballroom
046958070.jpg,ballroom
091157314.jpg,ballroom
000999377.jpg,ballroom
078250564.jpg,ballroom
005752678.jpg,ballroom
047822211.jpg,ballroom
063787283.jpg,ballroom
068675927.jpg,ballroom
005847926.jpg,ballroom
041860362.jpg,ballroom
058383726.jpg,ballroom
006604554.jpg,ballroom
013509456.jpg,ballroom
066364899.jpg,ballroom
052163820.jpg,ballroom
016182866.jpg,ballroom
053523934.jpg,ballroom
091269237.jpg,ballroom
001558758.jpg,ballroom
064263377.jpg,ballroom
007365043.jpg,ballroom
000644944.jpg,ballroom
015065449.jpg,ballroom
042290663.jpg,ballroom
033855781.jpg,ballroom
079345606.jpg,ballroom
021217846.jpg,ballroom
073842510.jpg,ballroom
094838443.jpg,ballroom
070177577.jpg,ballroom
017608776.jpg,ballroom
097218328.jpg,ballroom
061526537.jpg,ballroom
016434060.jpg,ballroom
002052251.jpg,ballroom
078326420.jpg,ballroom
007970474.jpg,ballroom
014105092.jpg,ballroom
057483003.jpg,ballroom
060350550.jpg,ballroom
094900479.jpg,resistance training
094103430.jpg,resistance training
018087404.jpg,resistance training
018514654.jpg,resistance training
091939484.jpg,forestry
050885165.jpg,forestry
029797455.jpg,forestry
015916020.jpg,forestry
083014337.jpg,forestry
097149206.jpg,forestry
034915540.jpg,forestry
029095043.jpg,forestry
060149295.jpg,forestry
077532898.jpg,forestry
045540280.jpg,forestry
063007315.jpg,forestry
071654907.jpg,forestry
096059229.jpg,forestry
016503733.jpg,forestry
053579665.jpg,forestry
030763761.jpg,forestry
048927252.jpg,forestry
022461692.jpg,forestry
005377513.jpg,forestry
077922665.jpg,forestry
064108628.jpg,forestry
034073936.jpg,forestry
004749422.jpg,forestry
086557506.jpg,forestry
016979500.jpg,forestry
093074222.jpg,forestry
047859538.jpg,forestry
034038671.jpg,forestry
043315822.jpg,forestry
092232306.jpg,forestry
069256399.jpg,forestry
024764612.jpg,forestry
018499970.jpg,forestry
023036766.jpg,forestry
026356389.jpg,forestry
023018349.jpg,forestry
065850645.jpg,forestry
006527438.jpg,forestry
008182392.jpg,forestry
012596678.jpg,forestry
083584302.jpg,forestry
065786351.jpg,forestry
006452241.jpg,forestry
039106888.jpg,forestry
027858517.jpg,forestry
032381853.jpg,fishing from river bank
058559183.jpg,fishing from river bank
030151454.jpg,fishing from river bank
063731363.jpg,fishing from river bank
076344490.jpg,rollerblading
071370810.jpg,rollerblading
066252391.jpg,rollerblading
000628555.jpg,rollerblading
014214331.jpg,rollerblading
022329755.jpg,rollerblading
027195585.jpg,rollerblading
014642654.jpg,rollerblading
041031555.jpg,rollerblading
007518059.jpg,rollerblading
075002219.jpg,rollerblading
078772079.jpg,rollerblading
057426669.jpg,rollerblading
008970488.jpg,rollerblading
089008317.jpg,rollerblading
096563583.jpg,rollerblading
020236356.jpg,rollerblading
070463982.jpg,rollerblading
084193863.jpg,rollerblading
053984352.jpg,rollerblading
032332310.jpg,rollerblading
047855872.jpg,rollerblading
051226875.jpg,rollerblading
092984249.jpg,rollerblading
074388311.jpg,rollerblading
024130164.jpg,rollerblading
058555719.jpg,rollerblading
068868915.jpg,rollerblading
014015642.jpg,rollerblading
035842574.jpg,rollerblading
090554828.jpg,rollerblading
056717310.jpg,rollerblading
021699775.jpg,rollerblading
012278480.jpg,rollerblading
051822689.jpg,rollerblading
054768572.jpg,rollerblading
033441445.jpg,rollerblading
015992904.jpg,basketball
035844945.jpg,basketball
023320492.jpg,basketball
031591528.jpg,basketball
057953934.jpg,basketball
036478381.jpg,basketball
056069782.jpg,basketball
043850125.jpg,basketball
028661556.jpg,basketball
009540343.jpg,basketball
089183846.jpg,basketball
001137337.jpg,basketball
000165249.jpg,basketball
082679774.jpg,basketball
099681094.jpg,basketball
072710283.jpg,basketball
001527384.jpg,basketball
022669023.jpg,basketball
097182270.jpg,basketball
080860425.jpg,basketball
056679984.jpg,basketball
023686071.jpg,basketball
001437021.jpg,basketball
002086147.jpg,basketball
061198086.jpg,basketball
002183188.jpg,basketball
099363014.jpg,basketball
018338383.jpg,basketball
071070736.jpg,basketball
015505972.jpg,basketball
054009342.jpg,basketball
008061129.jpg,basketball
076677842.jpg,basketball
058492109.jpg,basketball
008616669.jpg,basketball
084858619.jpg,basketball
054701861.jpg,basketball
092159231.jpg,basketball
091662337.jpg,basketball
078426338.jpg,basketball
027404781.jpg,basketball
040161857.jpg,basketball
041325100.jpg,basketball
049127292.jpg,basketball
016737285.jpg,basketball
045247005.jpg,basketball
051078299.jpg,basketball
053170900.jpg,basketball
081990043.jpg,basketball
051733450.jpg,basketball
023078392.jpg,basketball
066312874.jpg,basketball
079731414.jpg,basketball
031937167.jpg,basketball
004254348.jpg,basketball
012905339.jpg,basketball
010611346.jpg,basketball
058525015.jpg,basketball
038644837.jpg,basketball
093294761.jpg,basketball
010673668.jpg,basketball
056041151.jpg,basketball
007366107.jpg,basketball
054485526.jpg,basketball
055269569.jpg,basketball
087443879.jpg,basketball
016391720.jpg,basketball
066880060.jpg,basketball
028692451.jpg,basketball
002749333.jpg,playing with animals
019984726.jpg,playing with animals
039977755.jpg,playing with animals
031974840.jpg,playing with animals
095160407.jpg,playing with animals
064564679.jpg,playing with animals
045544964.jpg,playing with animals
046830020.jpg,playing with animals
041074447.jpg,playing with animals
023299205.jpg,playing with animals
038663219.jpg,playing with animals
052789638.jpg,playing with animals
052802735.jpg,playing with animals
076173690.jpg,playing with animals
035879786.jpg,playing with animals
071679803.jpg,playing with animals
057809184.jpg,playing with animals
096184540.jpg,playing with animals
038528493.jpg,playing with animals
090121646.jpg,playing with animals
082064255.jpg,playing with animals
063766428.jpg,playing with animals
065451447.jpg,playing with animals
008464993.jpg,playing with animals
095022461.jpg,playing with animals
010693606.jpg,playing with animals
056323331.jpg,playing with animals
033007080.jpg,playing with animals
042985198.jpg,playing with animals
061018301.jpg,playing with animals
090885138.jpg,playing with animals
045756712.jpg,playing with animals
098772956.jpg,playing with animals
059281207.jpg,playing with animals
016055394.jpg,playing with animals
019000929.jpg,playing with animals
071611104.jpg,playing with animals
005039779.jpg,playing with animals
048034158.jpg,playing with animals
014821911.jpg,playing with animals
043321864.jpg,playing with animals
074991742.jpg,playing with animals
045881293.jpg,playing with animals
016345111.jpg,playing with animals
025192537.jpg,playing with animals
036753959.jpg,playing with animals
006956118.jpg,playing with animals
058433764.jpg,playing with animals
060753379.jpg,playing with animals
006215193.jpg,playing with animals
084040510.jpg,rock climbing
037994181.jpg,rock climbing
004484044.jpg,rock climbing
071384745.jpg,rock climbing
092968645.jpg,rock climbing
071717139.jpg,rock climbing
057844724.jpg,rock climbing
023002883.jpg,rock climbing
001537562.jpg,rock climbing
069467211.jpg,rock climbing
023102618.jpg,rock climbing
085816268.jpg,rock climbing
046636412.jpg,rock climbing
053063558.jpg,rock climbing
075393654.jpg,rock climbing
077943061.jpg,rock climbing
064265083.jpg,rock climbing
093843182.jpg,rock climbing
098229844.jpg,rock climbing
094688544.jpg,rock climbing
082417919.jpg,rock climbing
070562522.jpg,rock climbing
066332586.jpg,rock climbing
010375018.jpg,rock climbing
027148435.jpg,rock climbing
000568822.jpg,rock climbing
013740987.jpg,rock climbing
043922948.jpg,rock climbing
014653655.jpg,rock climbing
090166341.jpg,rock climbing
080569919.jpg,rock climbing
007161191.jpg,rock climbing
024891372.jpg,rock climbing
081907188.jpg,rock climbing
050511242.jpg,resistance training
039910194.jpg,resistance training
091545137.jpg,resistance training
023085355.jpg,resistance training
025697008.jpg,resistance training
036162031.jpg,resistance training
085946578.jpg,resistance training
093878826.jpg,resistance training
022006771.jpg,resistance training
086387015.jpg,resistance training
025820296.jpg,resistance training
097064125.jpg,resistance training
059740789.jpg,resistance training
000708647.jpg,resistance training
003412990.jpg,resistance training
